{"cameraMode":{"drawMode":0,"name":"Shaded","section":"Shading Mode"},"sceneLighting":false,"audioPlay":false,"sceneViewState":{"showFog":true,"showMaterialUpdate":false,"showSkybox":true,"showFlares":true,"showImageEffects":true,"showParticleSystems":true},"in2DMode":false,"pivot":{"x":0.0,"y":1.0000284910202027,"z":-2.000035047531128},"rotation":{"x":-0.1408098042011261,"y":0.20106063783168794,"z":-0.029218316078186036,"w":-0.9689651727676392},"size":7.561248779296875,"orthographic":false}