{"cameraMode":{"drawMode":0,"name":"Shaded","section":"Shading Mode"},"sceneLighting":false,"audioPlay":false,"sceneViewState":{"showFog":true,"showMaterialUpdate":false,"showSkybox":true,"showFlares":true,"showImageEffects":true,"showParticleSystems":true},"in2DMode":false,"pivot":{"x":0.20443975925445558,"y":0.7562284469604492,"z":-0.8282899856567383},"rotation":{"x":-0.1408098042011261,"y":0.20106063783168794,"z":-0.029218316078186036,"w":-0.9689651727676392},"size":4.041657447814941,"orthographic":false}