{"cameraMode":{"drawMode":0,"name":"Shaded","section":"Shading Mode"},"sceneLighting":true,"audioPlay":false,"sceneViewState":{"showFog":true,"showMaterialUpdate":true,"showSkybox":true,"showFlares":true,"showImageEffects":true,"showParticleSystems":true},"in2DMode":false,"pivot":{"x":0.3935822546482086,"y":1.5478668212890626,"z":-6.616484642028809},"rotation":{"x":-0.1275486946105957,"y":0.12904861569404603,"z":-0.0167402271181345,"w":-0.9832586646080017},"size":1.671715497970581,"orthographic":false}