{"cameraMode":{"drawMode":0,"name":"Shaded","section":"Shading Mode"},"sceneLighting":true,"audioPlay":false,"sceneViewState":{"showFog":true,"showMaterialUpdate":false,"showSkybox":true,"showFlares":true,"showImageEffects":true,"showParticleSystems":true},"in2DMode":false,"pivot":{"x":0.7513942718505859,"y":-20.751434326171876,"z":-10.411956787109375},"rotation":{"x":-0.1866927146911621,"y":0.012375138700008393,"z":-0.0023518807720392944,"w":-0.9823376536369324},"size":24.260988235473634,"orthographic":false}