{"cameraMode":{"drawMode":0,"name":"Shaded","section":"Shading Mode"},"sceneLighting":true,"audioPlay":false,"sceneViewState":{"showFog":true,"showMaterialUpdate":false,"showSkybox":true,"showFlares":true,"showImageEffects":true,"showParticleSystems":true},"in2DMode":false,"pivot":{"x":6.750516891479492,"y":4.884515285491943,"z":9.708039283752442},"rotation":{"x":0.09504614025354386,"y":0.5324286222457886,"z":-0.06031918525695801,"w":0.8389562964439392},"size":4.015249252319336,"orthographic":false}