{"cameraMode":{"drawMode":0,"name":"Shaded","section":"Shading Mode"},"sceneLighting":true,"audioPlay":false,"sceneViewState":{"showFog":true,"showMaterialUpdate":false,"showSkybox":true,"showFlares":true,"showImageEffects":true,"showParticleSystems":true},"in2DMode":false,"pivot":{"x":0.43171823024749758,"y":-3.717935800552368,"z":11.05000114440918},"rotation":{"x":0.20171073079109193,"y":0.10554850101470947,"z":-0.02185656502842903,"w":0.97349613904953},"size":22.85062026977539,"orthographic":false}