{"cameraMode":{"drawMode":0,"name":"Shaded","section":"Shading Mode"},"sceneLighting":false,"audioPlay":false,"sceneViewState":{"showFog":true,"showMaterialUpdate":false,"showSkybox":true,"showFlares":true,"showImageEffects":true,"showParticleSystems":true},"in2DMode":false,"pivot":{"x":19.57689666748047,"y":14.152101516723633,"z":9.109840393066407},"rotation":{"x":-0.39385294914245608,"y":0.42413437366485598,"z":-0.21215398609638215,"w":-0.7873884439468384},"size":0.540156364440918,"orthographic":false}