{"cameraMode":{"drawMode":0,"name":"Shaded","section":"Shading Mode"},"sceneLighting":false,"audioPlay":false,"sceneViewState":{"showFog":true,"showMaterialUpdate":false,"showSkybox":true,"showFlares":true,"showImageEffects":true,"showParticleSystems":true},"in2DMode":false,"pivot":{"x":5.319109916687012,"y":2.4641828536987306,"z":-3.767874002456665},"rotation":{"x":0.10038341581821442,"y":0.520963191986084,"z":0.061858877539634708,"w":-0.8453958034515381},"size":6.483267307281494,"orthographic":false}