{"cameraMode":{"drawMode":0,"name":"Shaded","section":"Shading Mode"},"sceneLighting":true,"audioPlay":false,"sceneViewState":{"showFog":true,"showMaterialUpdate":false,"showSkybox":true,"showFlares":true,"showImageEffects":true,"showParticleSystems":true},"in2DMode":false,"pivot":{"x":0.745951771736145,"y":2.480740785598755,"z":0.5701227188110352},"rotation":{"x":0.10399537533521652,"y":0.6757805943489075,"z":-0.09716568142175675,"w":0.7232320308685303},"size":12.073341369628907,"orthographic":false}