{"cameraMode":{"drawMode":0,"name":"Shaded","section":"Shading Mode"},"sceneLighting":true,"audioPlay":false,"sceneViewState":{"showFog":true,"showMaterialUpdate":false,"showSkybox":true,"showFlares":true,"showImageEffects":true,"showParticleSystems":true},"in2DMode":false,"pivot":{"x":-10.733211517333985,"y":9.238003730773926,"z":-5.980729579925537},"rotation":{"x":0.2769779860973358,"y":0.4349977970123291,"z":-0.14261530339717866,"w":0.8448201417922974},"size":12.241260528564454,"orthographic":false}